"isfraud","average_transaction_amount"
"No","43.5546475434331522"
"Yes","108.5908737439930100"
